Word,Expected Bucket Size
abyss,329.69892008639306
carol,98.91274298056135
hymen,198.53606911447113
pubic,309.92095032397384
chalk,248.83066954643658
shell,211.87516198704137
worst,162.2276457883373
anime,111.88207343412505
niche,153.60647948164168
round,176.39870410367203
pouty,218.5956803455727
adapt,258.4289416846652
curse,108.36501079913585
guild,253.99006479481685
deter,172.9956803455727
reedy,225.56155507559427
unity,193.9278617710587
coach,262.7295896328294
drawn,177.74211663066995
given,237.00863930885566
avian,295.38963282937357
sauna,204.95075593952504
graft,163.55377969762444
thing,238.20950323974114
trail,79.44751619870381
banal,263.4371490280778
ninth,316.6086393088552
sharp,156.3632829373653
butte,251.761987041037
leery,163.3533477321818
image,138.5092872570198
robin,165.56501079913642
girly,176.56025917926607
birch,226.16457883369355
mince,151.67127429805663
blank,232.50237580993547
agora,214.32440604751645
blast,140.65615550755973
dumpy,433.7619870410369
homer,141.12440604751646
cried,118.8816414686823
briar,197.52095032397432
druid,281.92181425485944
madly,232.55680345572395
stash,262.05226781857465
stein,116.17494600431945
heath,178.9732181425489
leech,230.92224622030255
bring,226.10669546436313
crust,142.5688984881213
coral,104.11101511879019
wheat,162.31749460043233
bluff,576.2630669546437
fritz,272.8583153347734
tried,102.03930885529131
neigh,182.2950323974085
racer,144.04017278617738
bonus,232.15853131749492
forte,112.85917926565853
hydro,222.77451403887716
dizzy,641.8544276457883
adopt,157.51835853131777
crepe,197.38531317494636
sword,206.46868250539987
cacao,347.9771058315334
belie,193.0691144708426
facet,121.64103671706239
labor,124.23714902807744
below,203.54600431965463
usher,136.29589632829405
weird,166.00215982721414
octal,128.89373650108013
octet,186.43930885529178
winch,327.86738660907133
vomit,237.69719222462237
fifth,437.6695464362851
urine,95.98488120950302
scare,80.68034557235404
ennui,265.4673866090714
ample,139.88207343412557
algae,179.08725701943865
chide,167.03369330453603
false,108.35809935205154
rehab,135.42159827213848
viral,142.8384449244064
elect,173.07688984881233
revel,223.39568034557263
ruler,163.57969762419032
obese,203.0967602591795
irate,63.779265658747356
trice,86.05053995680323
marsh,151.93736501079948
total,167.55637149028107
vodka,314.0047516198703
swish,427.88120950323975
harsh,201.55464362851
rhyme,161.37667386609098
broad,163.5339092872574
payer,110.4116630669544
booth,374.1403887688985
craft,144.62332613390967
stood,267.8397408207341
stamp,198.86522678185773
pride,129.43714902807804
croak,160.12224622030269
local,213.74989200863956
gayer,113.29632829373627
shout,196.02721382289454
askew,188.48077753779728
slack,192.58358531317535
canal,216.78833693304557
twirl,153.26090712743022
major,206.71576673866116
smell,228.8375809935207
finch,321.66263498920074
smack,261.49330453563704
whisk,364.38056155507564
exist,194.73131749460066
short,141.5900647948169
idiot,263.9667386609072
tonal,100.66997840172768
terra,128.33045356371508
abode,136.0323974082076
growl,205.033693304536
ficus,269.3153347732178
aptly,169.61425485961152
crone,94.02894168466499
rough,212.06004319654457
grown,247.95291576673904
curry,299.83714902807793
lease,115.95637149028067
upper,240.3313174946007
lingo,198.4185745140393
style,109.49244060475144
conic,281.4552915766738
giver,189.9269978401731
guilt,184.54989200863977
flood,393.8259179265659
waxen,214.0254859611233
spear,101.02678185745123
ashen,111.36630669546419
sight,220.7684665226786
slunk,233.9330453563717
valve,217.94254859611252
droll,212.74168466522707
thong,227.4293736501083
macho,222.95421166306724
onset,104.45399568034534
swill,313.58660907127427
penal,111.07688984881189
panic,171.94514038876918
aping,213.7663066954647
maxim,425.82332613390935
mummy,820.5377969762416
voila,164.13174946004358
stuck,294.6742980561553
filth,233.8319654427649
evoke,321.05356371490274
thumb,361.2462203023759
putty,407.3308855291578
urban,158.41943844492477
gusto,211.38531317494633
thump,339.3749460043196
finer,138.7580993520522
ghost,209.25658747300253
fiend,214.45399568034588
venue,272.8332613390928
bunny,490.5645788336933
curly,178.3373650107994
ralph,142.77451403887727
wrist,153.41641468682553
scamp,227.41036717062664
allow,282.6198704103673
prone,101.66004319654408
beset,201.26090712743004
reach,111.28941684665199
count,171.27645788336974
using,250.11015118790527
buxom,500.2483801295896
udder,240.9723542116634
white,164.71576673866124
froze,199.06738660907155
patsy,168.00475161987077
blend,183.85442764578877
bosom,420.0980561555077
brink,236.04967602591825
belle,353.21943844492466
brash,148.50842332613425
heard,111.05788336933017
hilly,328.69589632829377
cheat,134.19740820734378
alley,168.19740820734367
safer,99.11058315334752
sneak,145.0855291576677
gloom,383.92613390928744
conch,370.92138228941695
sooth,287.73347732181423
deuce,231.98833693304553
audit,155.43196544276503
humph,600.0885529157669
theta,201.69719222462228
funny,512.8064794816416
strut,237.16933045356396
shade,112.52051835853108
graph,181.43023758099383
cider,125.0414686825051
reset,135.02678185745165
ripen,121.66090712742958
copse,129.8622030237584
blame,142.75723542116677
every,275.90021598272136
serum,135.85701943844532
lanky,211.1883369330456
evict,190.93002159827242
toxic,244.0954643628512
revue,243.2980561555078
blown,277.6626349892009
grand,161.01900647948207
liner,92.47645788336904
wrong,245.34643628509764
adore,89.04319654427619
crass,181.8345572354213
elude,216.16889848812127
legal,204.36846652267846
ensue,197.02246220302402
gaffe,256.1611231101512
rabid,161.14082073434162
shrew,162.80907127429845
smear,101.13563714902783
waste,111.66177105831511
cacti,217.1062634989203
cater,80.82030237580966
ruddy,384.3710583153348
leafy,151.04233261339135
daisy,142.8237580993524
caput,170.64751619870452
louse,99.22203023758082
testy,211.20734341252722
rajah,321.9416846652267
parse,87.01295896328261
pansy,175.7326133909291
phone,141.28077753779738
yacht,192.19740820734378
polka,205.49935205183613
folio,305.25053995680344
nerdy,152.31749460043233
cocoa,392.03066954643623
abase,171.8362850971925
bloke,175.151187904968
knock,453.92958963282945
pupal,290.968898488121
weary,127.5667386609069
cloud,200.16889848812144
rayon,117.42678185745123
linen,179.69719222462228
silky,223.3239740820738
sheer,169.9330453563718
alert,71.59870410367148
navel,133.26695464362882
shawl,195.86393088552947
strap,129.82246220302406
lowly,391.7827213822896
ramen,101.52699784017253
wheel,269.8285097192225
blond,229.43887688984915
bible,222.9922246220306
scaly,147.06047516198737
glass,246.04362850971947
avail,271.9062634989201
slant,98.89114470842296
metal,111.88639308855271
still,215.89330453563738
iliac,224.28725701943858
enact,106.40302375809918
beefy,370.1533477321813
scorn,133.8993520518362
slice,96.1282937365009
awash,329.8138228941686
blimp,300.3010799136068
pixie,353.47602591792656
shorn,143.9494600431968
alter,69.99179265658718
nylon,295.8984881209504
lumen,154.64060475162015
fugue,378.4989200863931
sheet,195.4051835853135
slung,214.7943844492443
flyer,152.5611231101515
aside,100.75896328293719
clear,88.2786177105829
rival,151.26177105831565
genre,191.88812095032424
jelly,370.88164146868263
inbox,359.52267818574506
farce,111.10453563714876
anode,104.79524838012938
chime,178.26306695464385
arson,96.95421166306676
owing,305.56501079913585
dried,188.23196544276485
ratty,189.62289416846693
prose,101.88120950323949
sneer,143.613390928726
pause,110.9982721382287
smock,297.9131749460042
borax,222.77278617710613
forgo,381.60043196544285
augur,257.24103671706274
cough,292.51792656587463
login,186.47991360691177
scary,130.39179265658777
blaze,186.13174946004344
salty,124.38660907127407
aloud,151.41468682505436
await,233.93045356371516
foyer,150.7658747300219
easel,125.3308855291575
moral,121.13390928725683
charm,193.82159827213871
trite,129.9002159827215
kitty,378.13002159827226
wring,248.96285097192253
glide,156.10237580993552
detox,205.53736501079942
rodeo,194.49978401727896
tally,215.26004319654453
chore,120.54470842332593
chord,208.34082073434158
heron,113.28682505399543
diver,182.3598272138233
motif,233.05701943844517
usual,239.6047516198706
radio,118.43239740820708
apnea,184.68293736501096
plied,148.14298056155533
touch,222.8989200863935
squat,226.86436285097204
fetal,125.32397408207316
fried,156.28207343412552
bitty,360.8928725701945
posse,200.36328293736526
rusty,168.5740820734344
curio,144.6285097192228
clump,307.8509719222465
store,81.21943844492415
smoky,304.851403887689
speed,246.42807775377992
edify,264.15334773218154
fauna,300.6224622030238
flour,174.86090712743018
vapor,176.48250539956845
nobly,228.89114470842358
drake,121.88293736501062
hefty,230.3892008639311
ocean,116.47213822894145
fight,315.75939524838026
upset,155.84233261339133
after,110.00734341252675
gnash,189.99870410367186
rotor,315.6971922246221
gamma,585.8803455723544
crate,72.89978401727831
chief,201.7637149028081
bused,194.5101511879052
sprig,190.0203023758102
piano,135.30410367170666
scant,125.30842332613366
forge,156.40475161987078
human,218.7287257019442
vigor,229.69632829373683
recut,117.73088552915742
booze,362.58272138228955
globe,164.6682505399572
bylaw,296.61900647948147
nymph,371.2591792656586
prawn,174.51619870410394
cower,151.77580993520544
flout,196.28898488120996
onion,419.7611231101512
break,156.35377969762456
juice,200.98012958963295
hotel,104.22332613390904
shalt,130.75205183585354
flown,294.4298056155507
lucid,219.7697624190067
tubal,172.84449244060508
bulge,207.07343412527032
ingot,193.86047516198738
moose,200.32872570194405
oaken,123.71706263498908
aback,445.0855291576672
civil,406.7295896328294
skull,389.62289416846664
timer,110.59654427645758
hobby,473.95291576673884
wooer,227.9494600431968
churn,209.5667386609075
dwell,335.86393088552916
sooty,254.24146868250557
decay,152.55680345572398
vicar,166.54989200863983
slate,71.57278617710558
topaz,219.00518358531335
comma,320.4453563714901
cabal,299.86652267818556
grief,163.97624190064826
nasty,140.85572354211698
ninny,544.668250539957
retro,149.1961123110154
gnome,180.2526997840175
alarm,208.02030237581027
react,79.83023758099324
segue,218.74773218142585
afoul,179.31274298056184
parer,153.2488120950326
expel,355.5313174946004
repay,121.25226781857434
solve,133.45701943844517
plane,95.21079913606881
punch,314.94384449244075
wield,193.31619870410407
clock,380.6924406047514
frost,150.28812095032433
brawn,192.71144708423355
sniff,372.89028077753767
taunt,203.49676025917952
radar,319.5520518358532
angle,116.50237580993493
naval,302.6846652267818
freed,257.9183585313175
biome,152.06781857451443
foist,166.30367170626377
prude,152.70799136069147
hatch,294.355507559395
trace,74.02030237580962
unify,298.61468682505404
shine,120.24060475161957
chuck,647.51403887689
route,87.10107991360677
pleat,106.31663066954616
orbit,144.12051835853174
glove,186.8012958963286
comet,128.21123110151203
drive,164.0038876889852
gummy,634.6319654427643
snowy,246.81339092872597
uncut,337.50626349892036
wight,313.91231101511875
affix,508.4626349892009
yield,160.3892008639312
swing,286.44794816414685
crisp,159.5753779697627
ideal,120.56889848812074
newer,226.54038876889885
tough,238.372786177106
venom,220.0686825053999
lupus,383.64967602591787
magic,221.07861771058353
trout,201.89416846652298
rearm,165.2954643628513
solar,82.83326133909267
lapse,99.48725701943819
muddy,594.3961123110155
chart,140.5023758099356
micro,174.77624190064833
crank,169.71447084233296
ounce,136.98099352051858
picky,360.13520518358524
papal,411.24622030237595
magma,587.4976241900653
stoop,295.77062634989187
hello,201.747300215983
epoxy,299.1693304535636
movie,178.57408207343448
gayly,321.8034557235422
mauve,174.29676025917945
melee,329.1079913606911
plier,103.9468682505397
while,156.16630669546473
dunce,162.90323974082116
batch,220.6362850971925
avert,119.02073434125255
burnt,178.86954643628553
death,120.78660907127403
tread,95.2721382289414
missy,364.20259179265656
slink,197.45874730021634
assay,392.51619870410366
lymph,344.80734341252713
allay,396.5455723542115
doubt,242.55421166306724
floss,315.68077753779704
trash,116.06868250539938
surer,162.85313174946032
flume,208.14816414686854
hasty,175.02591792656628
mouth,245.36976241900686
seize,227.22203023758115
siren,84.29762419006455
whole,154.72613390928754
braid,152.0764578833697
hutch,437.0665226781858
rebel,194.1982721382292
gauze,193.39049676025937
befit,192.8332613390932
quote,171.89244060475167
spook,425.190928725702
beret,178.66911447084271
quest,225.00518358531346
joist,197.37753779697644
trump,214.88164146868286
ledge,257.41641468682514
bless,247.99352051835868
creep,201.40172786177146
kiosk,304.75982721382286
pasta,243.6617710583156
goose,199.6030237580996
froth,192.46609071274332
squad,270.1239740820735
lance,90.9006479481639
cedar,108.91792656587445
minty,220.18790496760298
sheen,193.47688984881245
smite,118.86177105831511
trunk,188.204319654428
leant,77.26004319654398
comfy,349.0129589632829
motor,246.8419006479485
think,258.1585313174948
gloss,279.5935205183587
fully,488.6371490280779
welch,218.15853131749486
quack,382.42116630669545
prize,173.42505399568057
rally,200.6717062634992
dairy,132.0349892008642
slash,225.37753779697655
cluck,474.90064794816425
quark,266.5827213822895
prick,245.984017278618
morph,238.49460043196578
petal,105.87775377969733
liken,152.35118790496787
delta,105.30064794816394
tulip,182.2043196544281
claim,164.10410367170667
drier,180.46781857451433
cramp,184.11792656587502
unfit,249.10453563714927
young,279.8345572354211
press,209.95723542116653
gland,189.41727861771088
dryer,228.96025917926588
randy,153.8207343412531
canny,274.1827213822895
pilot,142.05485961123148
azure,136.4341252699786
dusty,239.5261339092874
caddy,330.3399568034558
alloy,226.7580993520521
drove,165.38099352051867
stunk,257.88552915766724
bound,284.3650107991361
shaky,242.39611231101534
brine,114.2224622030235
gross,248.7071274298058
harem,114.18099352051814
puppy,777.8380129589634
vying,382.794384449244
erupt,135.93736501079948
grope,135.76717062635024
snide,124.36069114470824
twixt,558.2708423326134
pulse,143.26177105831576
flora,138.7995680345576
quasi,216.84881209503263
sperm,165.2090712742984
brace,107.11749460043175
teeth,336.04794816414676
flirt,149.49244060475212
piece,207.39136069114505
unwed,234.75637149028103
wryly,335.22203023758084
apart,187.6548596112314
debug,286.55939524837993
catty,242.3079913606914
scalp,163.6323974082077
rebut,142.01252699784064
matey,122.80907127429778
ultra,109.96328293736481
stump,300.0928725701943
ahead,215.68855291576705
diner,123.74816414686785
clove,156.65874730021625
decoy,175.74125269978427
slide,105.21252699783994
woody,518.6440604751624
ratio,92.00388768898462
beast,107.91490280777512
joker,216.87041036717082
arrow,237.51317494600457
atoll,174.24924406047535
riper,189.16760259179296
cable,121.62721382289392
cubic,428.41511879049654
aunty,157.7118790496764
sonic,150.20950323974105
brunt,172.9386609071279
state,133.15205183585348
basal,255.5373650107994
blitz,291.713606911447
third,168.63282937365042
start,162.49546436285115
pedal,138.61295896328326
drawl,164.75637149028108
gruel,121.94514038876865
input,215.61684665226815
niece,179.5892008639311
spark,188.89373650108027
recur,203.1572354211666
spunk,333.3879049676025
vague,180.57321814254897
poesy,158.69589632829408
inane,142.6406047516201
singe,136.6708423326138
afire,99.20561555075574
drunk,247.75593952483837
fleet,204.81943844492474
shunt,215.97019438444966
march,188.09719222462232
skirt,156.46781857451427
limbo,240.64233261339126
viola,166.82980561555115
favor,202.1239740820738
guava,409.7179265658747
edict,153.3213822894172
recap,116.91447084233234
butch,328.38142548596124
howdy,376.6336933045358
frock,282.658747300216
giant,141.42073434125308
which,521.1278617710584
spoke,172.76846652267852
gassy,295.5485961123111
liver,138.59913606911488
scent,125.83887688984859
scoff,380.0332613390927
chain,169.5425485961126
quite,176.05745140388788
loamy,161.43023758099383
offal,300.6742980561556
refit,127.49244060475134
antic,145.57883369330477
stalk,162.67688984881235
fluke,228.58272138228963
eject,320.9507559395247
delay,139.64622030237626
award,289.8466522678186
verse,208.9922246220304
humor,210.3460043196547
motel,110.3615550755937
clued,150.36155507559428
curvy,280.81598272138217
torus,133.6781857451408
crane,78.74168466522651
royal,111.8915766738659
their,106.81771058315312
wrote,116.24578833693285
taboo,234.97580993520552
chock,526.0686825053994
child,228.32440604751648
shuck,383.8362850971921
quirk,315.04751619870416
inter,97.69805615550732
about,167.02246220302402
broom,360.68725701943845
actor,108.6172786177104
shank,212.98358531317524
pygmy,678.0505399568035
those,115.67991360691119
spasm,342.63542116630686
split,164.92656587473047
cagey,135.80345572354244
spoil,149.30583153347771
sweet,222.160259179266
cadet,98.2699784017277
climb,269.66436285097194
pushy,333.6107991360689
photo,347.34902807775376
south,196.37537796976292
creak,136.85399568034586
tipsy,205.40691144708458
saint,104.25788336933022
aphid,219.50712742980582
spite,122.66133909287237
mirth,178.16025917926598
crazy,209.20215982721413
disco,179.69373650108022
twist,330.90151187904974
spicy,228.563714902808
decal,127.06565874729992
plump,467.8259179265658
bride,141.58920086393124
filer,126.90151187904942
bilge,174.27602591792697
steal,92.860043196544
pinto,173.9503239740824
nosey,123.13563714902786
mogul,265.166738660907
peach,153.3429805615555
spiny,220.44881209503274
suing,226.08164146868282
there,168.73736501079946
tacky,215.82937365010827
binge,196.07386609071315
foamy,226.87559395248405
stung,237.3041036717066
lunar,108.53952483801284
meant,103.01295896328271
smelt,127.6833693304533
kinky,467.1935205183586
cheap,173.24276457883406
cutie,116.44967602591768
three,164.35377969762442
tenor,86.75464362850953
dream,130.78747300216014
mimic,647.7740820734342
fifty,413.533909287257
guide,182.47818574514076
chard,169.77667386609113
flint,193.81727861771105
green,199.2548596112314
twine,143.85269978401772
plume,181.7982721382292
ethic,178.86868250539987
payee,175.21511879049697
slurp,166.12483801295917
glaze,176.2008639308857
quart,174.12224622030251
alone,77.16328293736477
swirl,154.26393088552956
petty,260.28466522678167
stilt,212.15334773218166
mango,211.14427645788382
savoy,183.31101511879086
mushy,336.1680345572351
peril,105.13218142548577
fetid,183.91490280777563
ghoul,226.6760259179269
gazer,164.30367170626377
willy,403.0777537796977
blade,134.2803455723546
shirt,143.2090712742984
blunt,201.8881209503243
stiff,358.7166306695464
merry,238.54384449244088
lithe,110.07473002159801
crest,98.56717062634968
shale,90.95680345572332
crude,136.06522678185786
tenth,223.49503239740835
thick,296.6682505399566
video,194.31922246220336
booty,355.5123110151187
budge,264.16803455723544
stale,75.60388768898464
pinch,273.3412526997841
agile,106.07386609071253
scarf,159.37149028077783
flack,289.01641468682493
lager,96.81511879049648
sinew,149.36803455723583
gully,443.9209503239744
knead,176.97235421166337
storm,150.53261339092907
maple,130.26306695464396
gripe,137.48984881209543
dowdy,535.8302375809938
hitch,358.6483801295897
gourd,219.42850971922283
billy,382.57667386609046
snuff,434.12829373650123
crony,152.04794816414721
water,104.52570194384423
wince,169.9097192224624
gusty,257.365442764579
lynch,244.37278617710612
faint,154.200863930886
pasty,173.98747300216033
among,219.4846652267822
bezel,361.210799136069
lefty,179.7049676025921
tweet,370.3719222462204
balmy,266.5879049676023
haunt,151.8984881209507
shrug,224.39524838012989
brain,125.1442764578831
asset,142.35982721382308
shard,136.15507559395277
cream,119.25658747300186
blare,94.39524838012932
index,254.44362850971956
tryst,212.49460043196564
noisy,150.90928725701988
thief,168.41511879049708
trade,80.93174946004298
psalm,197.81123110151222
tutor,211.35507559395273
prank,173.86911447084273
spurn,181.86047516198738
steer,142.34773218142587
tepid,154.23887688984917
tithe,196.282937365011
spawn,218.33736501079935
crowd,244.48941684665255
skimp,339.3049676025916
annul,235.3697624190067
moody,470.9170626349891
crown,206.6449244060478
ulcer,114.43066954643605
wooly,384.1654427645788
cross,215.61079913606932
debit,166.6475161987044
blind,247.9123110151192
chill,319.71879049676016
piper,197.51317494600454
zesty,214.6708423326136
match,222.01684665226819
quota,221.95896328293748
chunk,387.57019438444917
perky,202.5481641468685
slick,214.14038876889882
canoe,86.8323974082072
yeast,95.10367170626336
elope,175.37062634989235
flung,335.9192224622027
lapel,173.02505399568068
whirl,193.18833693304563
grade,114.51706263498896
devil,202.01598272138264
inept,146.57753779697654
slosh,256.5680345572355
pudgy,422.81598272138245
sever,214.56285097192261
swore,121.05010799136046
sugar,134.72958963282974
junta,242.01252699784038
smart,122.61814254859587
donor,256.72526997840185
ridge,149.389632829374
today,150.63196544276488
skier,119.47688984881195
allot,171.49503239740852
elide,184.70626349892032
toddy,332.2483801295895
since,109.30928725701924
piggy,494.2708423326135
dummy,594.8401727861774
arise,63.72570194384452
maize,158.121382289417
vegan,197.49071274298086
kneel,233.83023758099375
lilac,225.60475161987063
bawdy,341.0051835853132
pesto,130.41771058315373
adept,134.37451403887718
sappy,304.3788336933046
tract,169.36630669546474
cling,213.78272138228976
miser,113.07429805615523
fiery,154.9429805615554
friar,213.54427645788365
couch,395.9503239740819
issue,203.34470842332638
spoon,307.31360691144704
tango,148.31231101511918
learn,76.64060475161956
snort,111.15723542116606
dozen,219.03023758099377
itchy,249.03455723542143
renew,221.70669546436312
boast,128.22850971922267
musty,265.2021598272135
oddly,367.3939524838013
shone,114.42548596112285
grunt,175.54341252699828
dully,417.7066954643628
leaky,151.09935205183615
spare,91.54254859611198
smith,228.02980561555114
nutty,339.4077753779698
sigma,199.93563714902834
pulpy,439.4172786177107
perch,172.23369330453593
tying,229.00691144708455
badly,243.10453563714938
tweak,186.2725701943848
ankle,123.6254859611229
avoid,218.9697624190068
exalt,148.1481641468685
pried,134.86090712743027
stove,142.251835853132
wreak,167.81295896328325
abort,125.1209503239739
betel,196.5758099352054
sound,188.13693304535667
amity,169.600431965443
minim,603.7809935205187
skiff,506.85399568034563
quick,460.2112311015118
undid,401.9943844492441
proof,345.31101511879035
stoic,143.9140388768901
bribe,191.36544276457906
covet,151.01468682505433
burst,180.52397408207395
brake,135.41123110151224
notch,211.53736501079945
tripe,97.83628509719199
kebab,308.807343412527
whose,172.8159827213826
place,112.25615550755911
plaza,406.5455723542117
igloo,304.0617710583154
snare,71.09762419006451
check,435.8423326133909
trawl,123.10885529157648
front,157.09935205183623
delve,305.33693304535626
adobe,136.69330453563745
satyr,103.12008639308844
sushi,358.90323974082077
later,70.22332613390897
flier,123.04751619870386
patty,275.7473002159828
bough,337.92354211663036
mulch,308.1533477321813
stony,160.31231101511915
clank,200.04362850971964
sloop,270.56457883369336
stone,94.24319654427624
fizzy,728.0306695464362
leach,123.08639308855265
mocha,240.92224622030258
cabby,366.6501079913608
beach,166.70712742980578
torch,168.8263498920091
botch,263.71706263498913
broth,179.637580993521
extra,152.30971922246252
drape,107.20302375809909
rouse,90.33218142548581
wacky,338.94816414686835
lemon,137.47170626349924
woozy,685.3784017278622
vital,164.8574514038881
hovel,169.36025917926602
paddy,375.31101511879035
annex,263.6401727861771
stout,260.48768898488123
shape,127.78272138228918
eerie,213.61684665226804
trove,121.56069114470826
grout,157.94773218142586
bigot,215.59956803455762
rumor,296.74254859611233
begin,209.01555075593978
phase,128.58358531317512
throb,192.49200863930915
icily,313.8993520518359
swami,211.3801295896331
snail,106.40302375809914
covey,192.85399568034583
barge,126.23023758099325
rouge,124.03844492440585
latch,161.5019438444928
spilt,160.70194384449292
funky,438.9023758099353
spire,103.74038876889821
emcee,400.7390928725702
slush,325.14859611231105
final,176.25097192224663
titan,196.4868250539959
hairy,123.85788336933018
toxin,232.4712742980564
drama,258.0686825053994
khaki,354.0151187904967
bayou,203.52613390928744
quash,270.71663066954653
surly,155.58401727861798
hippo,359.15809935205175
brush,214.3520518358535
tease,113.86393088552904
vista,183.86652267818602
abhor,164.53174946004344
cause,96.12742980561538
habit,170.7753779697627
undue,267.0371490280777
corer,168.08164146868285
twang,217.86306695464387
probe,139.87084233261365
livid,457.91576673866126
grind,219.4673866090717
merge,235.69373650108014
lorry,212.0807775377973
chirp,214.90064794816445
stint,245.09935205183598
smile,114.01943844492426
talon,100.11447084233237
spied,148.52224622030272
large,90.1688984881206
tacit,201.3663066954647
outdo,322.1352051835852
lucky,332.0721382289415
swarm,185.28768898488144
aider,93.8751619870408
sully,318.8911447084233
bleak,190.6475161987044
gavel,167.1503239740823
piety,156.4453563714906
flock,317.74470842332596
until,159.35507559395282
dimly,273.86306695464356
daily,157.40000000000038
flunk,346.4021598272135
glint,172.55766738660947
drown,226.95766738660944
aisle,76.18876889848795
extol,184.07818574514067
rugby,321.80259179265636
tiger,112.81339092872541
chute,164.60259179265688
glean,129.06479481641497
class,216.6768898488124
modal,177.60043196544314
judge,327.79395248380115
virus,201.97019438444954
frill,258.8401727861771
stool,208.0799136069118
irony,134.64924406047544
brass,215.8233261339095
haste,100.73650107991334
latte,122.87991360691127
dogma,256.96285097192236
quail,196.34168466522698
organ,140.898056155508
shoot,284.1075593952484
pizza,453.9200863930887
mover,185.09071274298083
lyric,157.55982721382318
fault,164.38315334773264
lodge,151.05269978401762
havoc,243.35766738660934
boozy,639.8526997840174
coyly,302.51187904967594
dirge,142.793520518359
tramp,151.0328293736504
femme,497.9874730021597
frisk,230.15075593952525
helix,205.64017278617737
flame,147.30755939524875
weigh,234.79265658747332
cargo,138.70885529157704
shied,136.7840172786179
midst,199.8431965442768
essay,205.7853131749461
thrum,226.13779697624216
embed,376.0116630669546
demur,176.7555075593955
opium,251.94600431965466
steep,210.6691144708425
apple,183.41987041036734
whoop,530.2311015118796
paper,162.7684665226784
shire,96.50583153347708
piney,159.56933045356408
being,205.657451403888
skulk,409.1624190064795
heady,153.26349892008676
jaunt,207.45615550755966
patio,131.28941684665256
shame,126.76328293736483
adage,213.09676025917955
plank,206.013390928726
broke,158.91879049676066
queue,513.858747300216
truly,135.10626349892036
chant,162.49287257019483
watch,240.79179265658772
amend,155.299784017279
halve,144.08682505399585
exult,211.74211663066987
optic,196.64060475162012
panel,100.1343412526995
carve,125.04838012958939
waltz,262.21295896328326
vapid,256.9179265658748
click,396.6846652267819
horny,170.51965442764617
whelp,240.02548596112342
wimpy,407.4371490280777
frond,209.9209503239745
leave,191.2583153347734
stern,98.02375809935182
visit,360.0133909287255
steam,123.72051835853104
shrub,232.87904967602628
camel,119.88812095032374
swoop,432.33650107991366
depot,140.42980561555098
grass,205.7101511879052
threw,164.69244060475197
cover,159.43023758099386
cleft,162.6760259179269
purer,217.5641468682509
fancy,228.6544276457886
amass,426.79265658747306
cynic,356.9317494600431
knack,378.7313174946004
sixty,267.49676025917927
voice,149.47948164146902
wedge,386.02721382289417
vowel,216.93347732181465
anger,111.98488120950296
sandy,160.88164146868291
close,95.00518358531293
honor,244.58963282937395
afoot,254.5507559395251
merit,105.91058315334749
group,216.09978401727903
admit,181.56414686825082
axial,305.545140388769
civic,734.0522678185746
proxy,286.3434125269977
scram,148.9991360691148
gypsy,498.3658747300217
blush,255.8431965442768
nanny,428.0591792656588
roast,83.35593952483774
bison,186.8298056155511
dicey,164.94125269978434
rapid,146.13952483801324
intro,126.9075593952482
mercy,165.5892008639312
jumpy,599.3714902807774
fussy,486.7002159827213
roach,132.52570194384487
berth,151.12267818574557
blurb,318.6449244060476
drain,118.80388768898459
other,114.98444924406027
soapy,149.9701943844496
clout,149.14773218142582
brisk,207.31619870410407
inlet,99.09330453563692
sweat,130.79784017278647
cheek,343.1295896328293
setup,158.69848812095066
glade,128.3563714902809
built,188.72872570194426
curve,172.1334773218146
alive,121.15377969762395
surge,126.80215982721357
parry,238.10151187904995
sauce,95.30410367170606
sheep,254.59136069114487
slain,104.48596112310996
spurt,179.78012958963336
cache,198.46004319654446
basil,142.89373650108016
truck,217.5200863930889
lower,129.22462203023784
sadly,154.94470842332643
scree,148.85917926565892
viper,179.75939524838049
skate,113.0872570194383
duchy,356.0177105831533
sulky,277.49071274298075
chafe,162.2907127429809
valor,137.47084233261384
dutch,285.3352051835854
rebar,183.04578833693333
birth,183.54946004319677
rhino,147.5796976241904
stole,84.53174946004302
tawny,191.50539956803485
mucky,456.04449244060476
crimp,216.92483801295924
clone,100.7779697624187
squib,361.78704103671714
golem,159.0639308855294
mangy,261.4578833693304
ardor,200.06090712743003
gonad,198.8747300215986
witty,385.59611231101536
stoke,132.413390928726
macaw,409.94341252699786
widow,430.2673866090712
privy,252.91274298056183
relax,136.0349892008642
snipe,130.96717062635025
event,262.78056155507545
vigil,485.996112311015
drill,217.1624190064798
gecko,223.8008639308856
polyp,356.6397408207343
credo,134.2604751619873
entry,124.75809935205154
heavy,188.50669546436313
troop,232.66047516198734
bicep,186.44622030237616
rainy,113.62030237580969
spank,223.59697624190093
plain,137.80259179265695
baggy,434.9386609071275
grasp,152.13520518358564
quell,354.1637149028078
sewer,201.46652267818604
horse,99.4855291576671
dirty,165.7352051835857
sally,222.7866090712746
fanny,349.14168466522665
artsy,104.01943844492419
handy,211.74211663066987
inert,97.94341252699753
comic,339.17796976241885
vivid,815.5079913606911
paste,100.41079913606889
nerve,227.27473002159851
mayor,144.67429805615595
dance,111.83974082073415
islet,96.82203023758076
mania,258.01684665226793
agape,213.50021598272173
email,119.34816414686802
condo,350.06090712743
moron,277.48207343412525
dough,298.54384449244066
aging,303.31879049676013
peace,167.4103671706267
speak,179.85356371490306
topic,175.19179265658784
apply,323.81036717062636
often,152.07213822894195
wrest,131.4613390928729
crick,337.4768898488121
evade,249.46133909287278
aorta,149.39481641468703
cress,179.4431965442766
parka,292.0004319654428
saucy,160.725269978402
swear,113.60561555075572
rerun,182.20172786177136
awake,262.9455723542116
share,85.47170626349875
color,208.43585313174975
holly,316.2647948164148
leash,100.51533477321792
eater,114.08336933045337
utter,176.10323974082107
bleep,264.3002159827213
yearn,91.9961123110149
again,257.9434125269978
found,287.6643628509719
crock,341.2228941684666
olden,127.60215982721355
trait,141.17796976241945
fella,230.50928725701982
humus,503.63412526997837
stage,102.56112311015103
flail,266.87645788336937
stave,123.23671706263485
train,88.76933045356347
odder,215.21684665226815
leper,178.9948164146872
refer,353.04319654427655
focal,180.32440604751667
waive,159.8526997840176
title,144.9697624190068
strip,152.26393088552948
seedy,230.31922246220327
scrub,216.96803455723574
logic,187.2496760259183
rural,177.78963282937386
abbot,263.161555075594
gawky,371.80950323974076
stray,114.91792656587457
juror,374.1352051835853
lever,226.24492440604786
cinch,388.0928725701945
retch,138.0323974082077
tweed,279.80000000000024
dodgy,479.74816414686813
sixth,305.7239740820737
uncle,132.38833693304562
teddy,264.33822894168475
fjord,364.5429805615554
sport,139.7222462203027
alpha,297.73779697624184
moult,174.5395248380133
novel,155.6712742980565
seven,239.9840172786181
ferry,264.57840172786183
score,91.47775377969738
libel,224.547300215983
shift,249.85701943844538
digit,373.55637149028087
enjoy,265.6617710583154
shear,92.7451403887687
inner,173.84924406047543
silly,258.3157667386607
amaze,289.99092872570196
greet,169.4475161987044
penne,337.2177105831533
totem,198.97926565874758
taint,180.2734341252703
grail,111.44146868250515
ditty,337.33606911447106
offer,243.3663066954645
epoch,211.30410367170654
unset,123.0596112311013
palsy,173.45356371490325
serif,119.39999999999982
hurry,327.87429805615574
spool,272.98531317494604
elate,113.8440604751618
sumac,202.23714902807808
power,168.23974082073457
ladle,165.20734341252722
flair,125.00863930885504
stank,173.59092872570216
table,98.65183585313149
plumb,363.59524838012965
wreck,239.31274298056184
drool,220.9231101511882
flask,240.606047516199
stare,71.29460043196524
mammy,566.9092872570197
gaunt,166.1136069114474
witch,292.9887688984883
badge,177.20561555075625
dingo,269.6358531317495
axion,214.103239740821
denim,189.8319654427649
visor,163.10885529157704
gamut,211.7982721382293
bagel,146.81684665226823
elegy,261.9140388768897
fuzzy,855.6807775377972
flick,340.987041036717
faith,180.628509719223
serve,205.91058315334791
basic,165.10280777537824
manic,183.4259179265662
write,112.41771058315311
godly,259.4440604751619
mason,149.07948164146907
ditch,240.6198704103674
error,276.6889848812095
exile,252.88336933045377
armor,211.86306695464393
preen,181.1356371490283
rupee,195.09416846652294
quake,214.01771058315353
align,163.799136069115
alien,83.59697624190038
ombre,162.5360691144712
argue,109.36457883369307
fluff,723.4267818574516
treat,126.92311015118764
guest,163.402591792657
vouch,342.1827213822894
wharf,253.42850971922272
adult,149.10539956803484
defer,265.34384449244084
shown,267.0665226781858
shack,264.1490280777539
youth,221.38963282937394
burly,223.47343412527024
batty,299.3740820734344
belly,304.4609071274296
salad,207.69632829373674
sworn,178.1464362850975
windy,351.9053995680346
grate,84.58099352051815
proud,201.7498920086396
folly,389.26954643628517
lying,241.95809935205224
label,191.21339092872597
troll,155.95291576673887
reply,142.0928725701948
steel,148.64492440604783
drift,194.86263498920118
pouch,280.796112311015
theme,239.93304535637168
fling,295.38704103671716
needy,264.93866090712737
sloth,147.8596112311018
atone,78.95939524837996
meter,175.79308855291612
laugh,196.78833693304568
enema,208.85917926565895
turbo,184.07904967602622
ember,276.77105831533476
geese,329.90453563714885
order,198.59827213822916
grimy,231.98833693304564
satin,109.38272138228913
shore,97.93131749460021
heist,125.4604751619868
groom,342.39092872570205
deign,199.29114470842373
voter,134.19481641468718
fruit,178.06954643628558
sober,114.93693304535614
world,197.12699784017315
ionic,288.1231101511879
toast,163.33606911447106
enter,151.20302375809968
verve,385.1235421166307
masse,174.96025917926596
model,149.3939524838017
tense,145.71619870410393
wordy,265.5866090712741
feral,113.67991360691121
flaky,294.4194384449244
nasal,191.0639308855295
mecca,248.2397408207345
tonga,159.00518358531352
first,160.1136069114475
width,302.2190064794815
risen,92.75637149028057
feast,115.168466522678
super,131.91403887689026
infer,148.72613390928763
terse,128.88250539956823
kayak,565.3688984881213
graze,153.83110151187924
haute,103.89071274298031
jolly,457.6099352051835
waver,172.7200863930888
scion,153.49157667386638
prior,214.66133909287274
humid,317.0777537796975
eking,256.32958963282937
bulky,395.6082073434124
foggy,535.9874730021602
clung,254.53002159827224
raspy,155.73002159827254
black,276.0479481641468
spelt,129.7429805615554
tumor,165.5572354211666
flush,274.3762419006479
grave,142.41079913606953
teach,122.41684665226761
awful,276.0522678185744
bathe,127.1269978401725
anvil,193.87084233261373
price,114.26997840172768
wafer,155.83714902807793
dowry,267.41641468682496
smash,321.21943844492444
bliss,298.9991360691145
bobby,683.0509719222465
draft,152.42030237581022
pinky,334.0971922246221
snack,209.9416846652271
zebra,195.80431965442793
acute,102.49114470842309
buyer,168.78660907127463
prove,159.9546436285101
wench,238.77624190064824
rigor,241.95377969762438
droop,306.335637149028
nomad,194.01684665226819
jiffy,734.738228941685
spiky,306.48164146868237
snuck,307.6971922246221
cloak,184.63714902807814
mealy,135.98660907127464
prime,133.45529157667417
axiom,255.5995680345575
equal,195.98056155507572
leapt,96.66652267818547
brute,125.88984881209473
shiny,202.15766738660943
cease,129.69114470842356
girth,178.58704103671744
doing,248.40129589632863
motto,493.99784017278625
unzip,382.24751619870403
repel,176.09892008639335
choir,153.09157667386643
sower,127.03974082073415
roomy,322.9222462203024
lover,137.2522678185749
tight,370.95334773218144
audio,183.7127429805618
wrung,281.43887688984904
ovary,171.88466522678212
thyme,175.5866090712744
chaff,421.7792656587472
radii,204.39092872570214
house,128.79524838012983
chump,414.89892008639316
admin,218.1991360691148
trust,218.06695464362878
trope,97.32915766738638
guise,142.63801295896354
beady,175.59265658747336
brand,158.94816414686858
quill,429.2419006479482
tiara,141.80259179265695
belch,203.84233261339128
glyph,320.07127429805615
nadir,121.67473002159801
bleed,265.7809935205183
thorn,144.60000000000042
shirk,201.1926565874734
sleep,193.5753779697627
poise,105.88293736501056
could,198.52742980561595
chess,297.0941684665227
genie,213.1123110151191
dolly,334.94470842332623
staid,128.71663066954676
creme,200.6112311015121
bloat,134.67602591792692
lathe,91.39654427645766
scold,162.89805615550787
ovine,164.35723542116668
drink,225.169330453564
baton,148.52915766738695
swine,145.11576673866128
tibia,267.5071274298054
boxer,213.20043196544296
oxide,204.3736501079916
biddy,514.9343412527002
lurid,157.1935205183589
porch,216.48855291576712
umbra,231.32915766738685
freer,343.67732181425487
brief,165.20993520518388
cobra,160.11965442764628
loopy,342.02980561555063
mamma,778.5101511879051
reign,134.38315334773256
river,236.41857451403914
hussy,426.80561555075604
ought,255.03974082073464
limit,281.29200863930885
otter,155.37408207343435
downy,323.0457883369331
cavil,192.90669546436317
musky,393.9434125269978
truth,273.8941684665228
earth,97.29460043196515
metro,115.79049676025882
untie,116.17667386609037
widen,211.83110151187935
pitch,254.52051835853166
dingy,332.8151187904966
reuse,146.96371490280814
beard,129.71101511879087
gloat,124.04622030237562
truer,159.22980561555102
fresh,160.73563714902835
filet,132.50151187905016
tarot,144.0920086393091
clamp,219.55809935205218
groin,158.72526997840208
opine,129.85442764578866
taker,99.78876889848794
floor,264.26911447084245
pence,220.77796976241922
inlay,153.16414686825064
clash,159.76717062635024
vocal,196.35723542116662
relic,103.82678185745128
spray,152.12570194384483
ready,114.21209503239729
story,133.48812095032426
angst,155.28855291576696
warty,158.82807775378004
pithy,253.32397408207385
swash,357.69546436285094
golly,349.0311015118791
mound,269.7740820734341
bloom,409.2894168466523
vogue,222.66825053995714
loser,83.16414686825027
drone,104.72181425485941
tooth,469.32138228941665
flash,189.41987041036748
build,259.0777537796977
hardy,171.6678185745144
angry,173.2712742980565
dwarf,253.3956803455727
lusty,190.8652267818577
circa,199.62634989200893
tidal,129.22375809935238
buddy,611.4622030237585
groan,132.28725701943887
abate,166.56976241900674
saute,84.33736501079898
mount,197.58315334773255
spell,231.18747300216006
krill,248.50323974082093
above,169.04578833693324
acorn,119.25658747300191
bossy,364.8444924406047
scrap,147.51835853131786
arbor,221.9606911447088
began,173.93218142548628
hound,240.3589632829378
tempo,165.14514038876925
guard,172.61555075593984
joust,256.17926565874745
datum,198.46609071274324
woman,228.06609071274326
beech,318.12483801295906
debut,194.9853131749463
brook,384.4816414686824
ozone,285.04751619870416
frown,259.3818574514039
swept,205.37667386609107
spill,283.19611231101527
force,132.54211663066982
jetty,356.46609071274287
kappa,608.6060475161989
verge,289.69287257019425
tasty,224.66306695464405
marry,251.01209503239767
lasso,178.93866090712757
ether,183.21771058315372
savvy,348.84967602591786
drank,169.8596112311017
excel,316.70626349892
snore,82.60259179265637
scene,177.10367170626378
stake,117.62807775377958
caulk,213.23758099352085
usage,127.4570194384448
chasm,226.4038876889852
lurch,198.84535637149065
droit,124.12311015118769
hence,223.61425485961152
sweep,302.1274298056154
macro,148.5334773218147
shark,178.58704103671738
array,298.57062634989194
phony,248.30107991360717
hippy,453.5805615550755
exert,250.13347732181455
cigar,136.00043196544314
savor,131.84406047516234
grape,113.12699784017256
jerky,271.98747300215996
hover,167.65658747300245
wound,296.0764578833694
craze,133.62634989200888
haven,156.17840172786217
media,152.78747300216008
aglow,227.31101511879075
hotly,180.04535637149058
wispy,318.15680345572355
plunk,296.5913606911446
never,241.43974082073476
grain,126.45917926565849
plead,144.01511879049718
diary,132.66306695464388
heave,222.31663066954667
slyly,473.04751619870416
court,138.39611231101546
hedge,305.87084233261305
molar,118.93606911447056
bully,464.5153347732181
swift,278.5066954643629
robot,260.3719222462202
attic,227.27559395248394
verso,138.25097192224658
whiny,310.28725701943836
miner,124.12138228941663
bland,191.36457883369354
bluer,136.23110151187944
semen,196.3460043196547
bugle,204.7615550755944
raise,61.000863930885586
stall,183.79308855291603
alike,110.55939524837991
agent,122.45485961123089
along,154.9948164146872
grill,230.70194384449266
speck,254.51706263498951
arena,131.0172786177108
pooch,423.8060475161988
daddy,522.0946004319653
shyly,344.55334773218135
ovoid,433.03542116630666
suite,104.73218142548572
glory,167.31360691144752
aroma,207.5373650107994
clack,348.00388768898483
crave,123.96414686825034
medal,147.31187904967632
crime,116.68293736501056
harry,224.82807775377992
tabby,308.02721382289417
where,256.15593952483806
steak,140.3442764578837
occur,282.0842332613391
clasp,161.44319654427687
slimy,189.68250539956838
bongo,468.7131749460042
unite,114.0721382289414
plate,89.29114470842312
elite,136.18444924406083
tonic,155.4734341252702
medic,199.43023758099386
coven,181.1857451403891
throw,218.11533477321854
valet,114.0902807775376
torso,189.27300215982757
moist,147.12872570194418
diode,189.07516198704144
flare,98.16630669546407
dusky,357.86393088552916
crawl,151.2280777537799
sunny,343.34470842332604
demon,178.45485961123148
dowel,171.3663066954648
flank,243.31792656587513
icing,418.2328293736501
plant,121.22894168466495
queen,317.1546436285097
clerk,154.86263498920124
ethos,159.41814254859642
snout,158.02289416846693
grant,115.61166306695435
shake,143.83801295896362
hyena,146.2691144708426
nicer,111.85874730021573
omega,171.34211663066986
knave,188.6907127429808
manga,360.29848812095014
femur,201.67904967602615
brave,148.1023758099355
brown,245.21166306695508
early,96.58790496760237
slang,143.20215982721413
amble,152.8989200863935
whale,134.8419006479484
mouse,140.25356371490312
plaid,163.37062634989235
briny,184.95507559395284
quiet,175.78099352051856
carat,166.18617710583183
purse,127.57537796976216
gleam,161.33174946004357
polar,111.42159827213801
idler,116.8453563714901
mange,146.8082073434129
breed,250.0012958963286
abuse,128.25010799136086
rinse,85.01123110151165
mucus,468.18358531317506
relay,97.00518358531289
grace,100.72181425485945
thigh,380.30453563714923
chair,129.37667386609095
baron,131.61598272138264
empty,238.19913606911476
ovate,115.31619870410351
scour,144.75464362851005
paint,130.48596112311037
scone,107.22894168466503
smirk,208.9300215982724
giddy,510.5930885529156
tapir,108.0228941684663
staff,288.82548596112304
ditto,273.57192224622054
noise,91.15637149028063
party,139.0768898488125
print,139.3395248380132
roost,185.7568034557239
scowl,210.1213822894172
spout,195.35421166306745
filmy,321.863930885529
decry,160.07732181425519
goofy,516.7978401727863
elbow,225.69978401727877
fetus,182.12224622030266
twice,145.19784017278656
cumin,263.5900647948165
myrrh,374.9637149028078
truce,102.0816414686822
lumpy,338.40043196544275
sissy,480.6440604751619
sepia,111.86997840172764
loath,116.1870410367168
crier,157.64449244060503
cycle,218.9550755939526
chick,533.3334773218141
karma,311.52958963282936
eagle,161.5261339092875
leggy,300.16889848812093
knoll,334.43498920086387
gooey,244.6570194384452
north,144.37451403887718
eclat,107.13563714902783
least,78.18963282937341
abled,150.5110151187908
gaily,166.6881209503243
milky,307.8069114470843
wiser,128.01771058315333
ninja,392.5170626349893
light,204.12397408207366
crack,288.93088552915754
smote,116.03498920086375
crypt,177.26609071274328
impel,172.26997840172817
swoon,360.99654427645794
happy,369.0829373650108
pound,247.97969762419044
equip,288.73650107991364
basin,152.70539956803492
boule,138.1732181425489
mafia,344.12483801295895
crept,125.87602591792637
stark,146.2691144708426
mourn,184.76501079913626
beget,255.81555075593985
stand,131.71360691144739
lipid,375.9624190064796
rumba,231.2557235421169
money,160.68034557235455
taper,89.4172786177103
posit,154.4868250539961
stuff,437.36371490280777
small,243.53131749460078
track,154.26652267818605
spree,172.70971922246252
weave,271.6315334773218
colon,263.8
pearl,91.10799136069087
choke,199.86393088552936
begun,247.68250539956819
adorn,129.99870410367203
eaten,129.2393088552918
value,133.48725701943872
point,155.06393088552946
whack,376.1956803455725
spiel,117.95032397408188
shoal,124.0073434125269
triad,109.28509719222427
slave,118.51706263498899
gamer,126.96803455723514
salon,101.64276457883342
snarl,94.00475161987019
wager,141.4699784017281
guppy,591.9408207343417
siege,188.222462203024
prong,199.47948164146896
bread,138.71231101511935
duvet,201.22462203023787
going,333.56069114470836
steed,189.5555075593956
fixer,223.37235421166326
scrum,214.14211663066982
retry,176.4505399568037
rebus,153.48207343412557
slept,128.58704103671738
dally,297.41555075593925
dense,183.68077753779718
straw,144.83758099352082
dilly,356.51101511879057
ester,151.00172786177134
snake,122.1015118790495
blink,284.3425485961122
stomp,232.47991360691168
china,185.37408207343455
spoof,406.1645788336934
poker,158.99481641468722
music,247.3092872570197
stunt,286.8410367170624
locus,175.67041036717086
tilde,107.93563714902778
forum,260.7399568034558
berry,251.48466522678214
dross,231.96069114470853
elfin,181.01468682505435
lunge,161.890712742981
tunic,191.87516198704134
flesh,184.78920086393128
derby,200.80647948164176
fecal,151.09244060475214
fever,331.0958963282939
noble,128.27775377969772
swung,337.6686825053997
rigid,356.8539956803457
vixen,293.1451403887689
gaudy,253.28682505399595
shock,304.8030237580993
cameo,118.86004319654408
rocky,238.9732181425488
begat,147.63326133909325
endow,235.78185745140414
glare,88.54902807775359
tepee,316.57149028077765
candy,198.1213822894171
ranch,145.95464362851004
idiom,378.77278617710573
gipsy,273.1641468682505
pique,234.52138228941698
rifle,118.55680345572327
ascot,128.35896328293757
catch,291.4112311015117
sling,177.3239740820737
theft,330.03498920086395
valid,208.81598272138268
whiff,631.7809935205187
flake,165.60302375809962
opera,109.31533477321788
prism,185.0872570194388
furor,316.8980561555076
poser,112.42203023758071
caper,106.13520518358509
woken,224.1533477321817
sting,196.87127429805625
smoke,173.6444924406051
angel,119.81209503239704
swell,259.9028077753778
heart,89.14254859611208
usurp,335.1218142548596
cruel,103.64190064794786
bleat,118.33822894168436
slump,269.1356371490279
ivory,205.50367170626365
worse,120.68984881209478
exact,173.8526997840176
banjo,272.2086393088551
pesky,246.99308855291596
vault,169.05788336933077
llama,434.56198704103656
hunky,366.68725701943833
quoth,324.0056155507561
sedan,104.65269978401705
truss,227.39222462203048
meaty,128.873866090713
baker,145.5451403887692
elder,178.65442764578862
sonar,87.86306695464339
cairn,107.35248380129563
chase,118.20431965442742
nurse,100.80820734341225
sorry,214.31403887689012
rover,238.2561555075596
sleek,219.21684665226792
loose,144.16803455723564
taken,113.64276457883354
idyll,372.42548596112323
fable,154.25529157667415
outer,100.9153347732179
focus,261.7930885529157
moldy,267.49589632829344
slime,111.43282937364994
daunt,142.87904967602617
knelt,146.60000000000025
range,100.11101511879025
shady,190.2112311015121
splat,140.2777537796981
bingo,279.1330453563715
spike,179.24190064794848
erect,156.90583153347762
penny,290.43239740820746
study,238.56544276457916
enemy,280.99222462203045
frail,124.19308855291548
puree,188.66133909287294
gruff,465.81987041036723
dealt,91.33779697624162
remit,111.08725701943824
guess,288.3883369330455
taffy,325.97624190064784
roger,198.18358531317517
mower,176.18704103671732
shush,629.728293736501
felon,149.60820734341283
forth,199.01900647948196
freak,165.12872570194423
croup,188.30194384449285
sieve,225.7498920086393
hoard,129.75939524838032
slope,110.8444924406045
tardy,133.47688984881242
solid,137.67041036717103
taste,131.2116630669549
teary,83.76544276457857
grime,141.26436285097225
junto,282.6742980561557
field,193.52786177105875
tribe,105.52872570194361
baler,101.88293736501048
gauge,198.53261339092893
hinge,172.86954643628536
space,115.78531317494574
frame,126.85831533477302
unlit,156.02721382289457
decor,129.30669546436314
clean,108.92656587472983
hoist,150.24665226781892
salve,117.31533477321794
sense,259.4751619870409
swamp,278.7416846652266
harpy,178.07386609071315
loyal,219.82246220302403
stink,217.8457883369334
screw,148.38228941684693
aloft,143.3092872570198
foray,159.1667386609075
pagan,318.0488120950324
furry,394.2501079913608
riser,142.64319654427666
cliff,400.0686825053995
caste,85.4077753779695
crush,195.26090712743016
overt,141.40691144708464
tenet,251.069978401728
plush,247.89071274298092
trend,113.19006479481618
chili,334.02375809935205
board,150.96803455723588
minus,230.29676025917942
queer,275.1555075593952
thank,204.03844492440635
lofty,215.29805615550794
annoy,253.0164146868253
synod,200.47818574514068
natal,182.6259179265663
minor,152.8626349892012
union,275.6384449244061
qualm,287.4699784017277
tower,128.81166306695496
midge,217.20043196544316
rogue,127.22807775377947
scoop,335.72829373650103
bench,214.82807775377998
owner,150.23369330453596
worth,211.12267818574543
chest,173.8190064794821
query,219.82764578833715
depth,191.95377969762447
under,144.26825053995714
gorge,192.81684665226805
scald,144.15421166306723
shaft,202.13779697624224
awoke,161.48812095032432
amply,249.89676025917953
pivot,229.08812095032434
goner,128.6388768898492
donut,185.04319654427678
plait,121.16501079913581
renal,81.15809935205155
chaos,161.63412526997865
fungi,368.70539956803464
dread,174.57667386609097
champ,283.72224622030245
altar,144.5153347732184
bushy,337.8285097192225
level,416.70885529157675
tuber,137.77408207343447
primo,183.74989200863968
tangy,177.38531317494622
manor,122.60345572354183
salvo,157.57278617710617
whine,180.32786177105874
spade,121.15032397408187
manly,185.5831533477325
fishy,300.2768898488119
patch,206.17321814254896
poppy,628.3745140388768
block,303.82246220302375
clang,171.1710583153351
lousy,170.6129589632832
nudge,213.76803455723575
syrup,219.51490280777583
shave,147.85183585313206
fatal,257.5632829373653
prowl,195.22116630669566
basis,245.27991360691172
saner,70.1257019438442
dwelt,176.2034557235423
guile,136.7814254859615
realm,97.48380129589607
crump,262.682073434125
broil,134.5015118790501
booby,657.6876889848813
razor,256.0514038876891
goody,465.0682505399565
lobby,388.345140388769
coupe,148.64319654427692
fluid,279.65658747300205
regal,106.69762419006454
stack,200.47041036717087
rarer,208.31058315334798
gouge,242.68207343412558
maker,139.50367170626382
cloth,174.54384449244097
pixel,211.59179265658776
stead,110.3719222462201
joint,220.50410367170653
lemur,134.64060475162015
crumb,285.0751619870411
skunk,451.2859611231101
shelf,183.99092872570228
forty,190.50583153347756
koala,236.90151187904988
stork,165.52181425485986
honey,146.38315334773253
erode,168.62419006479507
fibre,161.82246220302414
worry,337.7818574514039
bowel,188.8272138228944
sassy,398.7978401727863
munch,338.5481641468683
geeky,351.36025917926554
tamer,93.17365010799107
clink,244.9758099352055
greed,239.83801295896356
kneed,305.5408207343413
layer,87.8276457883367
mambo,355.3265658747301
crash,136.8799136069117
clown,225.3369330453567
waist,141.3412526997843
ruder,223.3369330453567
cheer,209.11922246220328
eager,154.26825053995708
grove,172.49287257019475
envoy,234.86349892008673
stick,235.57883369330483
husky,368.1455723542117
vaunt,179.02937365010825
utile,99.93218142548567
boost,289.25831533477304
snoop,306.7935205183587
fraud,183.851835853132
villa,313.3282937365011
bunch,341.96069114470856
sleet,136.52224622030272
laden,104.62764578833666
bravo,195.49416846652292
cello,190.743412526998
spore,103.86565874729996
imply,293.8198704103673
gumbo,411.06220302375834
murky,318.8393088552916
gravy,218.7079913606915
pupil,333.1840172786178
fetch,223.2669546436287
rabbi,238.89287257019464
tulle,169.83455723542147
corny,158.99827213822925
might,279.46565874730004
melon,134.25442764578867
month,218.55939524838055
skill,315.8725701943845
dying,331.9356371490281
frank,201.71447084233293
unfed,226.9421166306698
crook,331.6781857451406
rider,191.24103671706305
liege,195.25399568034584
eying,211.98574514038904
album,254.07473002159867
salsa,316.56544276457885
jazzy,701.8172786177107
risky,203.93736501079937
mossy,365.76717062634975
bacon,179.89589632829393
woven,242.2941684665229
fence,252.25097192224646
agree,151.46738660907155
night,241.76717062635024
blood,382.6164146868251
aloof,264.5023758099353
snaky,206.7909287257022
float,140.73045356371526
great,96.57235421166283
gulch,298.5282937365011
incur,168.70194384449272
coast,107.12958963282917
dodge,270.873002159827
tatty,374.4393088552917
towel,125.99006479481628
timid,370.8695464362853
zonal,189.3187904967605
dryly,290.5904967602591
ebony,201.13218142548632
showy,295.22462203023764
bevel,337.6609071274297
jumbo,527.616846652268
unmet,152.8116630669549
stain,114.4384449244058
pluck,346.6889848812094
scope,135.7282937365013
arose,66.0211663066953
lunch,238.86781857451436
brawl,183.6505399568038
fudge,269.81468682505385
puffy,633.4440604751617
boney,164.58099352051875
purge,165.17192224622065
madam,528.8557235421167
etude,219.73261339092898
raven,123.1615550755937
swath,215.58315334773252
olive,141.8138228941688
hater,87.95291576673837
wider,171.7516198704107
weedy,363.1546436285098
debar,136.57840172786214
outgo,348.3684665226782
shook,407.6427645788337
agony,194.5568034557239
modem,278.2881209503239
brick,257.9520518358532
welsh,182.63196544276485
spine,128.7883369330457
acrid,141.3118790496763
abide,137.688552915767
deity,146.67688984881238
amiss,251.8587473002162
filly,416.4185745140389
shove,172.88855291576698
buggy,643.1874730021599
newly,197.62721382289442
these,200.1118790496763
suave,131.90626349892037
quilt,240.61295896328318
sheik,192.9749460043199
trick,181.8466522678189
spice,136.4548596112315
right,184.14730021598302
jewel,382.09546436285115
naive,124.6431965442762
fewer,308.7529157667387
eight,182.21987041036758
hunch,451.01468682505384
canon,223.13131749460072
would,258.2881209503238
fairy,150.9473002159832
resin,95.73866090712718
cyber,164.06781857451435
cabin,179.32742980561588
pecan,131.60734341252734
alibi,271.01727861771053
borne,114.85917926565847
shall,220.44535637149056
agate,160.47991360691174
fiber,175.20475161987076
spend,172.28552915766767
brood,345.51663066954643
imbue,209.39308855291608
apron,130.84622030237614
wrack,240.0833693304539
wrath,165.1174946004323
maybe,171.40777537797
baste,104.65961123110125
stair,87.24449244060455
creek,235.86997840172822
rower,226.39438444924428
stock,226.50496760259196
token,136.68293736501107
paler,90.8168466522675
egret,181.6876889848815
prune,120.54816414686798
blurt,164.85226781857486
erase,109.04838012958953
juicy,346.0989200863929
women,200.782289416847
vinyl,267.28596112311004
soggy,349.81641468682517
fatty,318.34427645788355
wagon,229.93131749460082
carry,209.07170626349924
spent,141.29287257019476
scuba,217.42246220302397
dandy,314.0816414686826
aware,166.39956803455755
cleat,96.76760259179237
feign,221.59265658747339
horde,124.67775377969733
flute,149.93822894168505
hyper,168.15853131749486
fleck,270.64838012958967
mural,145.7498920086396
rowdy,272.0159827213823
hazel,160.0963282937367
trial,82.94211663066929
knife,223.05269978401756
amber,145.20561555075636
known,557.2989200863934
larva,251.29460043196565
rivet,132.89805615550793
abbey,239.27127429805634
scale,87.42850971922219
amuse,125.73779697624165
chose,137.3334773218145
noose,162.17840172786202
dress,194.98358531317504
older,111.03110151187887
scout,172.21036717062663
creed,198.31144708423355
dopey,182.5179265658751
